{
  "anime": [
    {
      "title": "TODAS LAS COSAS",
      "genre": "Género del anime",
      "studioId": 1,
      "id": 1
    },
    { "id": 2, "name": "Nombre del estudio12113" },
    {
      "title": "TODAS LAS COSAS",
      "genre": "Género del anime",
      "studioId": 1,
      "id": 3
    },
    {
      "title": "TJHONATANSDSAS",
      "genre": "Género del anime",
      "studioId": 1,
      "id": 4
    }
  ],
  "studios": [
    { "name": "Nombre del estudio", "id": 1 },
    { "name": "Nombre del estudio12113", "id": 3 }
  ],
  "directors": [
    { "id": 1, "name": "Nombre del director2" },
    { "name": "Nombre del director2", "id": 2 },
    { "name": "Nombre del director2", "id": 4 }
  ],
  "characters": [
    { "id": 2, "name": "Nombre del personaje332", "animeId": 100000 }
  ]
}
